Ticker	Group	Description
AIQ	AI	Passive global AI, big-data, software and hardware exposure
AMLP	Energy infrastructure	Midstream pipelines and MLPs focused on fees and distributions
ARGT	Argentina	Argentine companies and companies deriving revenue from Argentina
ARKF	Fintech	Actively selected digital payments, banking and financial platforms
ARKG	Genomics	Actively selected genomics, diagnostics and gene-therapy companies
ARKK	Innovation	Actively selected disruptive companies across multiple industries
ARKQ	Robotics	Actively selected robotics, autonomy, drones and industrial AI
ARKW	Internet	Actively selected cloud, digital media, blockchain and internet companies
ARKX	Space	Actively selected space companies plus enabling technologies
ASHR	China	300 large mainland Chinese A-share companies
AWAY	Travel technology	Booking platforms and travel technology—not airlines themselves
BAI	AI	Actively selected companies across the AI value chain
BETZ	Gambling	Global sports-betting, casino and online-gambling companies
BITW	Cryptocurrency	Top 10 Cryptocurrencies
BLOK	Blockchain	Actively selected companies using or developing blockchain
BOAT	Shipping	Global marine shipping operators
BOTZ	Robotics	Large global industrial-robotics, automation and AI-hardware companies
BUG	Cybersecurity	Pure-play global cybersecurity firms deriving most revenue from security
BUZZ	Social sentiment	Large U.S. stocks receiving positive online attention
BWET	Shipping	Shipping ETF tracking crude oil tanker freight futures
CABZ	Robotaxis	Actively selected robotaxi, autonomous-driving and enabling-technology companies
CHAT	Generative AI	Actively selected generative-AI platforms, chips and software companies
CHIQ	China consumer	Chinese consumer-discretionary companies
CIBR	Cybersecurity	Cybersecurity software, networking and security-service companies
CLOU	Cloud	Global companies deriving meaningful revenue from cloud computing
CNBS	Cannabis	Actively selected global cannabis-related companies
COPX	Copper	Global copper miners—not the physical copper price
CRAK	Oil & Gas	Global companies focused on crude oil refining and downstream petroleum products
DRAM	Memory	Concentrated exposure to global DRAM, NAND and storage-memory companies
DRIV	Electric vehicles	Broad EV and autonomous-driving value chain
DXYZ	Private technology	Closed-end fund holding private high-growth technology companies
ENFR	Energy infrastructure	U.S. and Canadian pipelines, storage and energy-processing companies
ERTH	Sustainable economy	Global companies across clean energy, water, green buildings and agriculture
ESGU	ESG	Broad U.S. market tilted toward stronger ESG-rated companies
ESPO	Gaming	Video-game publishers, esports platforms and gaming hardware
ETHA	Ethereum	Holds Ether directly for spot-price exposure
EVX	Environment	Waste-management and environmental-service companies
EWY	South Korea	Large and mid-sized South Korean companies
EWZ	Brazil	Large and mid-sized Brazilian companies
FAN	Wind energy	Global wind-turbine manufacturers, suppliers and wind-power operators
FCG	Natural gas	Natural-gas producers—not the commodity
FDN	Internet	Approximately 40 large U.S. internet and digital-platform companies
FDRV	Electric vehicles	EV, autonomous-driving and supporting technology companies
FFTY	Growth stocks	The 50 highest-ranked stocks from the IBD growth methodology
FOTO	Photonics	Optical interconnect, laser and photonic-chip companies serving AI data centers
FRI	Real estate	Market-cap-weighted U.S. REITs owning and operating property
FTXG	Food & beverage	U.S. food and beverage companies weighted by growth, value and volatility
FXI	China	Approximately 50 large Chinese companies listed in Hong Kong
GBTC	Bitcoin	Legacy Grayscale fund holding Bitcoin directly for spot-price exposure
GDX	Gold miners	Large and mid-sized global gold-mining companies
GDXJ	Gold miners	Smaller and more speculative gold-mining companies
GENZ	Digital economy	Fintech, gig-economy and online-betting platforms serving digital natives
GLD	Gold	Holds physical gold bullion for direct gold-price exposure
GNR	Natural resources	Large global energy, metals and agriculture producers
GRID	Electrical grid	Grid equipment, power management and electrical infrastructure
GUNR	Natural resources	Upstream companies extracting energy, metals and agricultural resources
GXC	China	Broad Chinese market across multiple sectors and company sizes
HACK	Cybersecurity	Broad cybersecurity hardware, software and service providers
HELX	Genomics	Actively selected gene-editing and genomic-medicine companies
HLAL	Values-based	U.S. stocks screened for Sharia compliance
HOMZ	Housing	Entire housing cycle: builders, REITs, materials and home services
HUMN	Humanoid robotics	Actively selected humanoid-robot makers and critical component suppliers
HYDR	Hydrogen	Hydrogen producers, fuel cells and electrolyzer companies
IAI	Capital markets	Market-cap-weighted brokers, investment banks and stock exchanges
IAK	Insurance	Market-cap-weighted U.S. insurance companies
IBB	Biotechnology	Market-cap-weighted large Nasdaq-listed biotechnology companies
IBIT	Bitcoin	Holds Bitcoin directly for spot-price exposure
IBUY	Online retail	Companies earning most of their revenue from online sales
ICLN	Clean energy	Broad global renewable-energy producers and equipment companies
IDGT	Digital infrastructure	Data-center and telecom-tower REITs plus communications equipment
IEO	Oil & gas	Market-cap-weighted large U.S. oil and gas producers
IGF	Infrastructure	Global owners and operators of utilities, transport and infrastructure
IGV	Software	Market-cap-weighted large software companies
IHF	Healthcare providers	Market-cap-weighted U.S. insurers, hospitals and care providers
IHI	Medical devices	Market-cap-weighted large U.S. medical-device manufacturers
ILF	Latin America	40 large companies from Brazil, Mexico, Chile and other Latin markets
IPAY	Payments	Global card networks, payment processors and digital-wallet companies
ITA	Defense	Market-cap-weighted portfolio dominated by major U.S. defense contractors
ITB	Homebuilding	Market-cap-weighted U.S. homebuilders and housing suppliers
IYC	Consumer discretionary	Market-cap-weighted U.S. cyclical consumer and retail companies
IYG	Financial services	Market-cap-weighted U.S. banks, payment firms and financial-services companies
IYK	Consumer staples	Market-cap-weighted U.S. food, beverage and household-staples companies
IYT	Transportation	Market-cap-weighted large U.S. transport companies
IYZ	Telecom	Market-cap-weighted U.S. telecom companies
JETS	Airlines	Global airline operators and related aviation companies
KBE	Banks	Equal-weight mix of large, regional and diversified U.S. banks
KCE	Capital markets	Equal-weight asset managers, brokers, exchanges and investment banks
KIE	Insurance	Equal-weight property, life, health and reinsurance companies
KRBN	Carbon credits	Global carbon-allowance futures across major cap-and-trade markets
KRE	Banks	Equal-weight U.S. regional banks
KURE	China healthcare	Healthcare companies operating primarily in China
KWEB	China internet	Chinese internet, e-commerce and digital-platform companies
LIT	Lithium	Global lithium miners, processors and battery manufacturers
LOHA	AI-resistant assets	Physical-asset-heavy U.S. companies considered resistant to AI obsolescence
LYTE	Photonics	Optical interconnect, laser and photonic-chip companies serving AI data centers
MAGS	Mega-cap technology	Equal-weight exposure to only the Magnificent Seven
MARS	Space	Actively selected launch, satellite and space-infrastructure companies
MEME	Meme stocks	Stocks driven by social attention, volatility and retail participation
METV	Metaverse	Gaming, virtual platforms, computing and metaverse infrastructure
MJ	Cannabis	Global cannabis companies, with U.S. exposure obtained through CNBS
MOO	Agriculture	Global fertilizer, equipment, seed and agricultural companies
MSOS	Cannabis	U.S. cannabis operators accessed mainly through swap contracts
MTUM	Momentum	U.S. large and mid-cap stocks with strong risk-adjusted price momentum
NANC	Political	Stocks disclosed as purchases by Democratic lawmakers and spouses
NASA	Space	Actively selected public and limited pre-IPO space companies
NCLD	Neocloud	GPU-as-a-Service and AI data-center operators providing compute capacity
NERD	Video games	Global pure-play video-game publishers, platforms and gaming hardware
NLR	Nuclear	Nuclear utilities, reactor suppliers and uranium companies
OIH	Oil services	Concentrated exposure to the largest oilfield-service companies
OZEM	Weight loss	Actively selected GLP-1 drugs and weight-loss supply-chain companies
PALL	Palladium	Physically backed palladium-price exposure
PAVE	Infrastructure	U.S. construction, engineering, materials and industrial infrastructure
PAWZ	Pet industry	Pet food, veterinary care and animal-health companies
PBE	Biotechnology	Biotech and genomic companies selected using multiple factors
PBJ	Food & beverage	U.S. food and beverage companies selected using multiple factors
PBW	Clean energy	Diversified clean-energy companies with a smaller-growth-stock tilt
PEJ	Leisure	Restaurants, entertainment, hotels and leisure companies
PHO	Water	U.S. water infrastructure, treatment and technology companies
PLTM	Platinum	Physically backed platinum-price exposure
PPH	Pharmaceuticals	Concentrated portfolio of large global drug manufacturers
PRNT	3D printing	Global 3D-printing hardware, software, scanning and materials companies
PSIL	Psychedelics	Actively selected psychedelic-medicine companies
QTUM	Quantum computing	Equal-weight quantum, machine-learning and enabling-chip companies
RACK	Data centers	Chips, power, cooling and equipment supplying data centers
REMX	Strategic metals	Rare-earth and strategic-metal miners, processors and refiners
ROBO	Robotics	Diversified, relatively equal-weight global robotics and automation
RTH	Retail	Concentrated portfolio of the largest U.S.-listed retailers
SCHH	Real estate	Broad U.S. equity REITs, generally excluding mortgage REITs
SHE	Gender diversity	U.S. companies with relatively strong female leadership
SHLD	Defense technology	Global drones, cybersecurity, AI and advanced-defense technology
SIL	Silver miners	Established global silver-mining companies
SILJ	Silver miners	Smaller, more speculative silver-mining companies
SKYY	Cloud	Established cloud infrastructure, platform and software companies
SLV	Silver	Holds physical silver bullion for direct silver-price exposure
SLX	Steel	Global steel producers and related mining companies
SMH	Semiconductors	Concentrated in approximately 25 dominant global chip companies
SOCL	Social media	Global social networks, messaging and content platforms
SOLZ	Cryptocurrency	One-times Solana exposure through futures—not spot SOL
SOXX	Semiconductors	Approximately 30 large U.S.-listed chipmakers and equipment suppliers
SPMO	Momentum	The 100 S&P 500 stocks with the strongest price momentum
SUPL	Logistics	Global logistics, freight and supply-chain technology companies
SVIX	Volatility	Targets the inverse daily performance of short-term VIX futures
TAN	Solar	Global solar manufacturers, installers and technology suppliers
TLT	Treasury bonds	U.S. Treasury bonds with maturities longer than 20 years
UFO	Space	Rules-based companies deriving substantial revenue directly from space
UNG	Natural gas	Henry Hub natural-gas futures—not gas-producing stocks
URA	Uranium	Uranium miners plus nuclear-equipment and component manufacturers
URNM	Uranium	Pure-play uranium miners plus some physical uranium exposure
USCA	Climate	Broad U.S. companies leading their sectors on climate policies
USO	Crude oil	WTI crude-oil futures—not oil-company stocks
UX	Uranium	Physical uranium-price exposure mainly through swaps not uranium miners
VCX	Private technology	Closed-end venture fund holding private AI and technology companies
VEGI	Agriculture	Global agricultural product and equipment producers not crop commodities
VICE	Vice industries	Alcohol, tobacco, gambling and other vice-related businesses
WCLD	Cloud	Equal-weight emerging cloud-software companies with higher growth exposure
WEED	Cannabis	Concentrated exposure to five leading U.S. cannabis operators via swaps
WGMI	Ai HPC Datacenter / Crypto Mining	Bitcoin-mining companies and HPC Ai Datacenters
WOOD	Timber	Global forestry, paper, packaging and timber REIT companies
XAR	Defense	Equal-weight aerospace and defense, including smaller contractors
XBI	Biotechnology	Equal-weight biotech with substantial small-company exposure
XES	Oil services	Equal-weight oil equipment and service companies
XHB	Housing	Equal-weight homebuilders, building products and home retailers
XHE	Medical equipment	Equal-weight U.S. medical equipment and supply companies
XHS	Healthcare services	Equal-weight insurers, facilities, distributors and healthcare services
XME	Metals & mining	Equal-weight U.S. steel, coal and diversified mining companies
XOP	Oil & gas	Equal-weight U.S. oil and gas producers and refiners
XPH	Pharmaceuticals	Equal-weight U.S. drugmakers, giving smaller companies more influence
XRPI	Cryptocurrency	One-times XRP exposure through futures and derivatives—not spot XRP
XRT	Retail	Equal-weight retailers with much more small-company exposure
XSD	Semiconductors	Equal-weight semiconductors with greater small-company exposure
XSW	Software	Equal-weight U.S. software with greater small-company exposure
XTL	Telecom	Equal-weight telecom carriers, equipment makers and satellite companies
XTN	Transportation	Equal-weight airlines, railroads, trucking and logistics
ZCSH	Cryptocurrency	Holds ZCASH directly for spot-price exposure
