name,description,exchange,industry,close,SMA30,SMA50,ADRP,ATRP,average_volume_10d_calc,average_volume_30d_calc,dollar_volume_30d,average_dollar_volume_30d,Perf.1M,perf_1m_rank,Perf.3M,perf_3m_rank,Perf.6M,perf_6m_rank,Perf.Y,perf_1y_rank,momentum_score,atr_extension_from_50d,is_top_1m,is_top_3m,is_top_6m,is_top_1y
XHLD,"TEN Holdings, Inc.",NASDAQ,Miscellaneous Commercial Services,12.08,8.9,6.08,14.37,12.57,4457884.9,3788821.6666666665,45768966.0,33731248.0,58.32,4,866.4,1,874.19,1,151.67,48,487.64,7.85,True,True,True,False
SNDK,Sandisk Corporation,NASDAQ,Computer Peripherals,1816.57,1613.14,1506.65,5.25,6.41,9926747.5,12183973.766666668,22133041225.0,19654485902.0,21.58,43,-18.84,306,202.89,11,1607.3,1,453.23,3.21,False,False,True,True
AXTI,AXT Inc,NASDAQ,Electronic Production Equipment,72.98,68.79,64.32,7.46,9.46,9084977.1,9288335.933333334,677862756.0,638944629.0,9.53,93,-0.81,195,19.25,217,1420.42,2,362.1,1.42,False,False,False,True
NUAI,"New Era Energy & Digital, Inc.",NASDAQ,Engineering & Construction,6.99,5.56,5.31,8.01,9.3,9218528.4,7368327.533333333,51504609.0,40954392.0,45.63,8,16.11,126,64.47,104,727.22,3,213.36,3.4,True,False,False,True
MXL,"MaxLinear, Inc",NASDAQ,Semiconductors,84.32,70.19,71.13,5.92,7.22,3001281.9,2505081.066666667,211228436.0,175839155.0,31.91,20,-4.31,211,399.23,3,410.1,11,209.23,2.57,True,False,True,True
SLS,"SELLAS Life Sciences Group, Inc.",NASDAQ,Pharmaceuticals: Major,11.52,13.0,12.42,7.79,8.69,7530793.3,7360188.066666666,84789367.0,95710659.0,-25.56,425,25.08,96,138.02,35,577.65,5,178.8,-0.83,False,False,False,True
QMCO,Quantum Corporation,NASDAQ,Computer Peripherals,25.97,23.73,18.85,7.17,7.72,1325796.5,1565293.0333333334,40650660.0,37147534.0,21.87,41,85.5,13,410.22,2,142.94,54,165.13,4.9,False,True,True,False
ERAS,"Erasca, Inc.",NASDAQ,Pharmaceuticals: Major,13.94,16.86,17.62,7.06,7.86,5384555.3,4182150.0,58320082.0,70507564.0,-24.25,416,-7.53,230,-7.77,305,687.85,4,162.08,-2.65,False,False,False,True
OMER,Omeros Corporation,NASDAQ,Pharmaceuticals: Major,20.74,18.41,15.61,4.09,4.78,1877966.9,2232862.466666667,46309568.0,41098067.0,8.59,97,95.48,7,99.42,63,384.58,12,147.02,6.88,False,True,False,True
DELL,Dell Technologies Inc.,NYSE,Computer Processing Hardware,549.83,501.27,469.82,5.44,5.82,9929829.599999998,8995667.7,4946087971.0,4509252351.0,25.47,28,32.64,76,213.96,9,314.5,16,146.64,2.92,False,False,True,True
ORKA,"Oruka Therapeutics, Inc.",NASDAQ,Pharmaceuticals: Major,89.92,98.27,96.67,5.58,5.95,1084852.7,899580.1,80894740.0,88401736.0,-15.76,345,8.42,162,99.74,62,477.96,7,142.59,-1.17,False,False,False,True
PURR,Hyperliquid Strategies Inc,NASDAQ,Financial Conglomerates,13.94,11.08,9.3,7.69,8.08,26405201.9,26292845.166666668,366522262.0,291381692.0,27.07,24,73.82,21,195.03,14,257.44,21,138.34,6.17,False,True,True,True
VICR,Vicor Corporation,NASDAQ,Electronic Components,283.16,207.17,211.25,5.14,6.39,1120942.8,922722.9333333332,261278226.0,191157742.0,45.15,9,-15.93,291,81.89,75,426.12,10,134.31,5.33,True,False,False,True
BAND,Bandwidth Inc.,NASDAQ,Packaged Software,59.13,50.45,52.12,7.87,7.64,1116688.3,858985.0,50791783.0,43337941.0,26.27,26,13.1,139,247.82,6,237.5,27,131.17,1.76,False,False,True,False
INTC,Intel Corporation,NASDAQ,Semiconductors,122.6,99.29,98.04,4.02,5.12,119406350.4,104120064.1,12765119859.0,10338133225.0,37.97,13,-12.26,258,181.06,20,317.86,15,131.16,4.89,True,False,True,True
LITE,Lumentum Holdings Inc.,NASDAQ,Electrical Products,937.0,904.3,850.82,6.03,6.84,4814613.6,4681637.133333334,4386693994.0,4233597437.0,13.77,73,5.61,169,32.64,180,471.38,8,130.85,1.48,False,False,False,True
SYRE,"Spyre Therapeutics, Inc.",NASDAQ,Pharmaceuticals: Major,88.17,95.43,97.58,4.17,5.11,1339273.7999999996,1201304.8666666667,105919050.0,114642125.0,-17.2,361,1.98,185,87.88,70,450.37,9,130.76,-1.89,False,False,False,True
BFLY,"Butterfly Network, Inc.",NYSE,Medical Specialties,9.2,8.34,8.05,6.24,7.38,6507958.3,5167680.666666667,47542662.0,43093289.0,-2.44,195,17.8,119,124.94,41,350.98,13,122.82,1.93,False,False,False,True
STX,Seagate Technology Holdings PLC,NASDAQ,Computer Peripherals,923.86,855.72,844.77,5.2,5.79,4365676.6,3920283.1666666665,3621792806.0,3354674512.0,12.86,77,-16.84,294,144.07,33,308.31,17,112.1,1.62,False,False,False,True
PRAX,"Praxis Precision Medicines, Inc.",NASDAQ,Pharmaceuticals: Major,282.12,346.77,336.96,5.38,6.04,497177.3,391019.3000000004,110314365.0,135594805.0,-24.96,421,-7.81,231,-6.79,300,480.49,6,110.23,-2.69,False,False,False,True
LIFE,Ethos Technologies Inc.,NASDAQ,Packaged Software,33.91,36.94,31.24,8.31,8.12,1869182.1,1559739.6666666667,52890772.0,57621982.0,2.6,145,88.08,12,235.74,7,101.25,82,106.92,1.05,False,True,True,False
APPS,"Digital Turbine, Inc.",NASDAQ,Packaged Software,11.54,11.3,10.75,6.93,7.19,2723790.5,2670138.8,30813402.0,30174794.0,8.05,103,14.31,133,292.52,5,110.2,74,106.27,1.03,False,False,True,False
RNG,"RingCentral, Inc.",NYSE,Packaged Software,79.23,70.04,62.78,4.29,4.23,1720816.5,1511017.6333333333,119717927.0,105836712.0,19.05,51,126.05,3,117.46,44,160.74,44,105.82,6.19,False,True,False,False
OKTA,"Okta, Inc.",NASDAQ,Packaged Software,205.36,164.49,156.13,4.41,4.7,4539791.6,4163580.3,855032850.0,684880508.0,53.01,6,72.95,22,169.32,21,122.73,64,104.5,6.71,True,True,True,False
MRVL,"Marvell Technology, Inc.",NASDAQ,Semiconductors,260.9,231.0,218.04,4.14,5.4,18461342.6,22623771.066666663,5902541871.0,5226128823.0,13.82,72,-10.4,247,164.12,23,250.38,24,104.48,3.64,False,False,True,False
CRWD,"CrowdStrike Holdings, Inc.",NASDAQ,Packaged Software,262.49,218.74,210.61,4.47,4.93,13560733.3,11400049.433333334,2992398976.0,2493593613.0,38.5,12,54.32,43,183.12,19,116.89,68,98.21,5.0,True,False,True,False
BE,Bloom Energy Corporation,NYSE,Electronic Production Equipment,275.19,239.57,227.49,5.72,6.56,18506870.5,14894577.533333331,4098838791.0,3568303869.0,43.34,10,-20.53,319,106.93,55,255.63,22,96.34,3.2,True,False,False,True
USDE,StablecoinX Inc.,NASDAQ,Packaged Software,12.87,6.94,4.91,10.15,12.07,6091401.3,8401682.2,108129650.0,58331479.0,65.11,3,36.91,68,25.56,196,247.84,25,93.85,13.45,True,False,False,False
WDC,Western Digital Corporation,NASDAQ,Computer Peripherals,473.69,459.45,475.41,5.06,6.11,7414810.6,6692982.966666662,3170399101.0,3075106641.0,6.13,117,-35.02,398,72.31,91,330.45,14,93.47,-0.06,False,False,False,True
TEAM,Atlassian Corporation,NASDAQ,Packaged Software,195.08,180.34,150.38,4.16,4.64,3322857.4,3880953.7,757096448.0,699890543.0,15.23,64,146.47,2,191.12,15,17.75,199,92.64,6.41,False,True,True,False
AEHR,Aehr Test Systems,NASDAQ,Electronic Production Equipment,97.38,97.57,94.22,7.25,9.07,2496798.6,2724633.0,265324762.0,265846983.0,1.69,155,-5.09,215,183.74,18,189.56,37,92.48,0.37,False,False,True,False
DOCN,"DigitalOcean Holdings, Inc.",NYSE,Packaged Software,141.21,123.09,123.12,6.98,6.99,3322377.8,2648197.3333333335,373951945.0,325972789.0,22.31,36,-6.47,225,68.83,98,282.06,18,91.68,2.1,False,False,False,True
GRAL,"GRAIL, Inc.",NASDAQ,Medical Specialties,108.52,78.96,75.41,4.88,5.99,1744716.6,989100.2,107337154.0,78100671.0,37.58,14,75.49,19,114.04,48,130.99,57,89.53,7.33,True,True,False,False
FSLY,"Fastly, Inc.",NASDAQ,Information Technology Services,29.65,24.41,23.53,8.85,8.8,9764601.9,6500008.633333334,192725256.0,158684711.0,22.72,34,82.35,15,5.5,258,246.38,26,89.24,2.95,False,True,False,False
DFTX,"Definium Therapeutics, Inc.",NASDAQ,Pharmaceuticals: Major,37.65,40.97,42.05,5.18,5.95,2849111.9999999986,2283489.5999999973,85973383.0,93565986.0,-15.32,337,-10.34,246,99.95,61,278.39,19,88.17,-1.76,False,False,False,True
SDGR,"Schrodinger, Inc.",NASDAQ,Packaged Software,29.23,21.46,19.26,6.48,5.89,3232564.7,1748472.4,51107848.0,37514058.0,49.06,7,90.3,11,154.17,28,53.36,125,86.72,8.78,True,True,False,False
SMTC,Semtech Corporation,NASDAQ,Semiconductors,169.33,147.52,139.07,6.09,6.7,3778374.5,3574137.4,605208686.0,527252579.0,41.54,11,-0.1,191,127.56,40,176.28,41,86.32,3.25,True,False,False,False
BLZE,"Backblaze, Inc.",NASDAQ,Computer Peripherals,14.06,14.97,14.93,5.53,6.83,2042387.3,2438690.6,34287990.0,36497850.0,-11.63,301,16.83,123,304.02,4,33.52,165,85.69,-0.85,False,False,True,False
ASST,"Strive, Inc.",NASDAQ,Financial Conglomerates,28.99,22.86,18.57,6.73,6.7,10408498.6,9760152.7,282946827.0,223105704.0,54.53,5,123.52,4,189.9,16,-56.73,416,77.8,8.38,True,True,True,False
HUT,Hut 8 Corp.,NASDAQ,Data Processing Services,102.46,88.99,93.46,7.24,7.84,5038771.500000009,4976796.866666664,509922607.0,442866075.0,28.87,21,-14.69,284,106.07,56,189.27,38,77.38,1.23,True,False,False,False
AMLX,"Amylyx Pharmaceuticals, Inc.",NASDAQ,Pharmaceuticals: Major,30.6,32.91,27.73,5.17,6.02,1646508.8,3015225.033333333,92280962.0,99240604.0,-20.79,398,75.19,20,127.72,39,127.04,60,77.29,1.72,False,True,False,False
FIVN,"Five9, Inc.",NASDAQ,Packaged Software,37.68,33.23,30.88,5.49,5.59,2935915.9,2088014.8,78676398.0,69390648.0,14.84,66,93.73,9,154.94,27,44.76,140,77.07,3.94,False,True,False,False
PANW,"Palo Alto Networks, Inc.",NASDAQ,Packaged Software,393.3,361.7,355.39,4.23,4.74,7274957.000000009,6490558.366666675,2552736606.0,2347632798.0,10.46,87,36.09,70,166.55,22,93.51,87,76.65,2.25,False,False,True,False
AMBQ,"Ambiq Micro, Inc.",NYSE,Semiconductors,69.13,61.57,64.41,4.98,5.75,699367.2,523552.0,36193150.0,32234050.0,18.9,52,-18.09,301,186.02,17,114.69,69,75.38,1.27,False,False,True,False
ALAB,"Astera Labs, Inc.",NASDAQ,Semiconductors,360.46,298.17,303.93,5.68,6.52,4478950.0,3847484.2666666666,1386864179.0,1147186429.0,32.67,18,-14.7,285,224.74,8,56.65,120,74.84,2.85,True,False,True,False
FORM,"FormFactor, Inc.",NASDAQ,Semiconductors,131.26,113.18,111.3,4.28,5.7,1205548.5,1121164.8333333333,147164096.0,126890259.0,18.65,54,-13.07,269,33.25,177,253.9,23,73.18,3.15,False,False,False,True
PENG,"Penguin Solutions, Inc.",NASDAQ,Semiconductors,53.88,52.56,54.01,4.46,6.18,1443907.2,1478863.433333333,79681162.0,77729062.0,6.31,116,-21.3,323,209.66,10,95.43,85,72.52,-0.04,False,False,True,False
CORT,Corcept Therapeutics Incorporated,NASDAQ,Pharmaceuticals: Major,112.94,115.16,109.68,4.74,4.67,2639211.1,1408415.433333333,159066439.0,162198990.0,-6.32,237,37.92,67,196.51,12,35.55,159,65.91,0.64,False,False,True,False
AMC,"AMC Entertainment Holdings, Inc.",NYSE,Movies/Entertainment,2.87,2.6,2.54,5.55,5.79,29673182.80000003,23401556.16666667,67162466.0,60828445.0,12.99,76,42.79,58,195.88,13,-3.04,252,62.15,2.21,False,False,True,False
PBF,PBF Energy Inc.,NYSE,Oil Refining/Marketing,70.47,73.37,69.75,6.35,6.52,5213102.3,3421545.2333333334,241116293.0,251029650.0,-2.68,197,76.66,18,39.89,155,127.8,59,60.42,0.16,False,True,False,False
GPRO,"GoPro, Inc.",NASDAQ,Electronics/Appliances,1.31,1.03,0.9,13.69,11.63,26104360.6,65167722.8,85369717.0,67133399.0,107.28,1,81.38,17,95.52,65,-50.0,396,58.54,3.91,True,True,False,False
NTSK,"Netskope, Inc.",NASDAQ,Packaged Software,18.57,15.5,14.56,5.65,5.23,8893851.0,6277419.0,116571671.0,97268607.0,28.25,22,96.09,6,123.73,42,-22.95,303,56.28,5.27,True,True,False,False
CVI,CVR Energy Inc.,NYSE,Oil Refining/Marketing,51.8,43.84,39.82,5.23,4.93,1340330.5,1079862.6666666667,55936886.0,47337220.0,32.51,19,94.15,8,49.75,140,47.61,133,56.01,6.1,True,True,False,False
AAOI,"Applied Optoelectronics, Inc.",NASDAQ,Semiconductors,101.06,113.03,111.84,6.07,8.51,7082210.2,8522345.0,861268186.0,963280655.0,-7.39,248,-33.16,391,-0.14,278,260.16,20,54.87,-1.13,False,False,False,True
APPN,Appian Corporation,NASDAQ,Packaged Software,37.96,37.86,33.81,5.11,5.52,905203.3,864602.6666666666,32820317.0,32731263.0,-0.89,181,85.17,14,58.86,117,13.82,206,39.24,2.22,False,True,False,False
SWKS,"Skyworks Solutions, Inc.",NASDAQ,Semiconductors,91.45,75.37,70.52,5.82,5.03,9815348.4,7011573.5,641208397.0,528462295.0,37.29,15,24.85,99,62.98,108,16.19,201,35.33,5.9,True,False,False,False
SBET,"Sharplink, Inc.",NASDAQ,Advertising/Marketing Services,9.81,8.22,7.4,5.83,6.25,10775765.4,9788935.200000023,96029454.0,80419366.0,21.71,42,106.53,5,54.49,127,-42.33,368,35.1,5.21,False,True,False,False
BMNR,"BitMine Immersion Technologies, Inc.",NYSE,Financial Conglomerates,27.46,23.57,21.05,5.59,6.28,46492239.0,44764095.2,1229222054.0,1055104645.0,16.36,60,92.7,10,43.84,150,-49.59,394,25.83,4.84,False,True,False,False
SEI,"Solaris Energy Infrastructure, Inc.",NYSE,Oilfield Services/Equipment,67.43,59.77,58.65,5.14,6.33,2928495.7,2690302.933333333,181407127.0,160803890.0,27.23,23,-13.63,274,12.95,234,74.34,102,25.22,2.36,True,False,False,False
MSTR,Strategy Inc,NASDAQ,Internet Software/Services,162.2,127.42,115.09,5.02,5.71,25771395.9,27500269.5,4460543713.0,3504194341.0,33.13,16,71.3,23,24.88,198,-50.52,398,19.7,7.17,True,True,False,False
BLSH,Bullish,NYSE,Packaged Software,40.11,32.81,29.05,6.02,6.08,1913838.1,1819432.1,72977422.0,59690715.0,32.9,17,69.38,24,13.18,231,-42.28,367,18.3,6.27,True,False,False,False
WIX,Wix.com Ltd.,NASDAQ,Packaged Software,76.8,80.24,70.89,6.5,6.62,1078848.7,1541467.8,118384727.0,123688404.0,-6.19,235,81.6,16,-13.18,329,-56.84,417,1.35,1.26,False,True,False,False
FTFT,Future FinTech Group Inc.,NASDAQ,Finance/Rental/Leasing,4.44,3.35,3.77,36.17,31.66,23137124.2,11011738.9,48892121.0,36848141.0,66.14,2,-59.01,441,-77.35,447,-96.73,447,-41.74,0.56,True,False,False,False
